id	prob	class	frag
bass_01_all_01_AIJ15689.1_7_28	1.0729011e-05	1	MEGRASGSARIYQAGGDQYIEE
bass_01_all_01_SEU47807.1_1_22	3.2329403e-10	1	MKGRAFGHGRTYQAGGDLTVHE
bass_01_all_01_ATW48405.1_12_36	0.0006362498	1	VSLRAGAHDGGRIYQAVGDQYIYE
bass_01_all_01_OKJ57450.1_12_34	0.012319863	1	QGRASGQGRVYQARGDQHVTEH
bass_01_all_01_ADI09086.1_11_31	0.9999981	1	HASGHGRVFQSAGDQHITEH
bass_01_all_01_ALV50310.1_7_28	0.0004387796	1	MEGHASDSARVYQTGGDQYIEE
bass_01_all_01_OKH98982.1_11_31	2.0954168e-10	1	VRQDARAEFGSEVNQAGGDLT
bass_01_all_01_OSY53090.1_6_26	0.9999982	1	HAEDHGRVYQARGDQHITEH
bass_01_all_01_ALO07341.1_7_26	3.4687246e-09	1	ARADGYGRIYQASGDQHIVE
bass_01_all_01_AUA13813.1_5_24	0.99999857	1	RASGQGRVFQTSGDQHIEE
bass_01_all_01_CDR09834.1_5_25	0.9999844	1	RASGQGRVFQTGGDQYIQEH
bass_01_all_01_ELP64895.1_1_23	0.99999523	1	MDAHAEDRGRVYQASGDQHINEH
bass_01_all_01_KOG49630.1_15_35	0.9999982	1	AVAHGHGRVFQADGDQHITEH
bass_01_all_01_KRD00690.1_7_27	0.99999547	1	HAEDQGRVYQARGDQHINEH
bass_01_all_01_OBQ48332.1_7_28	5.4176374e-10	1	MEGRASDGARVFQTGGDQYIEE
bass_01_all_01_OXL24360.1_5_25	0.99999774	1	RASGHGRVFQSAGDQHIAEH
bass_01_all_01_PIG02277.1_1_22	9.051049e-08	1	MDGHAEDAGRVYQASRDQHISE
bass_01_all_01_ARF62512.1_7_27	0.0010927022	1	RAEDNGRVYQSQGDQHITEH
bass_01_all_01_EGX57905.1_7_27	0.99999535	1	HAEDHGRVYQSSGDQHINEH
bass_01_all_01_KQX36889.1_7_27	1.3043439e-06	1	RAEGNGRVFQSARDQHITEH
bass_01_all_01_KUL32081.1_6_26	0.99999726	1	ARASGQGRIFQTTGDQHIQEH
bass_01_all_01_KUO13099.1_10_30	0.027449846	1	HAEDQGRVYQSRGDQHISEH
bass_01_all_01_OEV14114.1_4_27	0.99999803	1	TQDGRADGEGRVFQAAGDQHITEH
bass_01_all_01_SED09724.1_8_31	2.2591913e-10	1	MTLRAQASDQARVYQAGRDLYVNE
bass_01_all_01_SEH02571.1_7_32	0.9960173	1	PQVRIDTHADGQARQYIAAGDQHIHQ
bass_01_all_01_EMF30093.1_7_27	0.99999803	1	HAEDHGRVYQSHGDQHISEH
bass_01_all_01_GAP52496.1_6_25	1.4344267e-06	1	ARASGQGRIFQTSGDQYIEE
bass_01_all_01_KUO05395.1_13_29	1.0020474e-10	1	IRQQAIAADNARVYQVG
bass_01_all_01_OEV05529.1_1_23	2.6622294e-08	1	MDGRADSQGRVYQASGDQQIIEH
bass_01_all_01_OEV29760.1_5_27	0.99991596	1	MDGRAHRQGRVYQASGDQHITEH
bass_01_all_01_OKJ58916.1_7_27	0.9994042	1	RAEGNGRVFQSTGDQHITEH
bass_01_all_01_OMI38968.1_14_33	7.137123e-10	1	IEVHAHDQSRVYLANRDLH
bass_01_all_01_PIF86474.1_8_27	6.580092e-05	1	ANGQGRVYQASGDQHIIEH
bass_01_all_01_PSM41355.1_5_27	0.999995	1	MDGRAEDRGRVFQSSGDQHINEH
bass_01_all_01_SEP84959.1_1_23	5.1423568e-09	1	MDGHAEGEGRVYQALGDQHISEH
bass_01_all_01_AGK79793.1_7_26	1.9038018e-10	1	RASDQGRVYQASGDQHIVE
bass_01_all_01_AOR29772.1_6_25	0.00017142296	1	ARASGQGRIFQTTGDQYVQE
bass_01_all_01_BAJ27762.1_7_27	1.19274055e-05	1	RATGHGRVYQAAGDQHVTEH
bass_01_all_01_KDN80932.1_1_22	0.008225262	1	MTGRADGQGRVYQALGDLHIVE
bass_01_all_01_KNE83477.1_5_27	0.00079756975	1	MDGHAEDRGRVYQSSGDQHISEH
bass_01_all_01_PJN34549.1_6_29	8.529852e-11	1	LRAAAYEQGRIFQAERDIQITEH
bass_01_all_01_SCE17642.1_1_23	0.9826085	1	MDGRAQNDGRVYQTTGDQHVTEH
bass_01_all_01_EST24664.1_8_27	0.9999982	1	AEGQGRVYQASGDQHITEH
bass_01_all_01_KIF69816.1_7_27	0.9999939	1	RAEGDGRVYQSRGDQHITEH
bass_01_all_01_OWA23404.1_7_27	0.99999774	1	RAEDNGRVFQSAGDQHITEH
bass_01_all_01_SBU87863.1_7_27	0.99999815	1	RATEQGRVYQASGDQHITEH
bass_01_all_01_SFD26332.1_22_40	2.6644478e-09	1	QARDSGEIYAAAGDMHI
bass_01_nlr_01_KOT44694.1_7_32	6.314919e-05	1	MEGRASGSARVYQTGGDQYVEEHVHH
bass_01_nlr_01_ASO18266.1_18_40	2.8396177e-10	1	AEAHDASRVYQAQRDIVIGETSV
bass_01_nlr_01_SMF86310.1_15_38	3.8126707e-10	1	RTVAEGSSSVYQAGGDQIIVDYSV
bass_01_nlr_01_SMF86318.1_13_32	1.999883e-11	1	DRARWNSAARDQYIVEIGHQ
bass_01_nlr_01_AOS61467.1_22_36	9.657443e-11	1	HDFARVYQAQRDIVI
bass_02_all_02_GAX57889.1_3_21	7.282528e-10	1	NAISGGVFFQQVIQGRDIT
bass_02_all_02_PKV69821.1_6_25	2.6529675e-05	1	VHNEITGGVFFAPVIQGQ
bass_02_all_02_SDN39945.1_8_26	1.0382434e-09	1	NEISGGVFFSTVIQGRDIT
bass_02_all_02_EGX59650.1_15_35	0.9999973	1	VRNSIAGGTVHGPTVMAGAVH
bass_02_all_04_SDD78461.1_13_28	0.00032919645	1	VGGQVIQARDIGSVTF
bass_02_all_04_SCE87658.1_25_37	9.699273e-11	1	VVQARDVYGGVHF
bass_02_all_04_ATY15809.1_11_26	4.546452e-11	1	DKVFQARNVYGDVHF
bass_02_all_04_GAX57101.1_29_41	0.9999981	1	VVQARDVTGGIHF
bass_02_all_04_OAR26403.1_8_20	0.0016019344	1	VVQARDVSGGIHF
bass_02_all_04_SFD29412.1_23_35	2.468383e-10	1	VVQARHVSGGVHF
bass_02_all_24_KUL50315.1_14_34	0.019761443	1	QHNHGSGTFIGGDNYGGIHFE
bass_02_all_24_GAQ51672.1_12_33	4.3006385e-05	1	QHNHGSGTFVGRVMGDVTINYG
bass_02_all_37_OIK24035.1_23_41	0.9999981	1	SGTARDVVQARDVRGGIHF
bass_02_all_37_OLZ72816.1_12_31	0.9999983	1	ISGTARDVVQARDIQGGIHF
bass_02_all_37_OLT47852.1_6_22	4.3660575e-10	1	NTFHGDVEKAVQIGAVH
bass_02_all_67_ONF61741.1_9_26	2.851168e-07	1	NTISGSVTGSVVQAGTIG
bass_02_all_67_SEH04084.1_17_37	3.2370624e-06	1	NELSGQVTGGVVQAGNIGTVN
bass_02_nlr_03_PRY19311.1_18_36	0.99999803	1	TGAGDVVQARDVHGGVHIH
bass_02_nlr_03_SEN27171.1_34_53	0.9999982	1	SGTSGDVVQAGSVHGGIHFH
bass_02_nlr_03_KWV32606.1_13_32	1.733256e-10	1	SGRSAAVVQAGLIQGDVHLR
bass_02_nlr_03_EXG81266.1_14_32	3.135165e-10	1	SGSTSSSVQAQTINGPVHI
bass_02_nlr_03_SHE94357.1_22_41	0.99999547	1	GDVAGVAFQTGVNHGGIHVH
bass_02_nlr_03_ONF61740.1_2_18	5.1131793e-10	1	SGNLVQAEIITGDVHFH
bass_02_nlr_03_SFP19392.1_21_40	1.3725896e-09	1	GRIAGSSVQAGSIAGGVHIT
bass_02_nlr_03_PKT70377.1_36_55	4.1143835e-09	1	GAVFGHLVQVGTLQGDIAIR
bass_02_nlr_12_GAX57891.1_16_37	9.207484e-11	1	VPNLISGGIFFHAVIQGRDITV
bass_02_str_02_OAB01747.1_14_35	0.9999963	1	GRVNNTISGGFfFHAVIQGRDI
bass_02_str_02_ANN18894.1_19_38	2.5751186e-05	1	NVVSGNVEGIVVQAHTVEGG
bass_02_str_02_KUN75534.1_6_28	0.00017169118	1	GNVSNAISGGVfFHEVIQGRDIT
bass_02_str_02_SNT46039.1_7_29	0.99999857	1	GDVHNVFSGGSATyVIQGRDFG
bass_02_str_02_OWU99816.1_6_28	0.000112361944	1	GRVDNDFSGRSGAVVQAGLIQGD
bass_02_str_02_OAH10245.1_16_36	0.0009430647	1	VENQISGGVfFHAVIQGRDIT
bass_02_str_02_SCE01878.1_9_29	3.2888914e-10	1	HNELSGTVHGVAVQAGVVHGD
bass_02_str_02_SCL34400.1_14_36	3.0265535e-10	1	AVRNDLSGTVTGPVVQSAAIHGG
bass_02_str_02_SEG79912.1_5_26	0.02007562	1	VHNDVTGVVHGPLVQARDVFGG
bass_02_str_02_AMW10320.1_15_35	1.394526e-10	1	RNDLSGTVFGPVVQAGTVKGG
bass_02_str_02_OKI36072.1_3_22	2.0159943e-08	1	SGHVYGPSVQAQRIHGG
bass_02_str_02_OKI53302.1_16_35	2.11163e-06	1	NELSGIVNGPVVQAGTIHGG
bass_02_str_02_PCG87455.1_16_35	8.5092634e-11	1	NDLSGTTYGPTVQAGAIHGG
bass_02_str_02_OSC71126.1_16_36	1.9075166e-10	1	RNDFSGTSHGPVVQAAAIHGG
bass_02_str_02_SCE36439.1_17_36	0.00076144934	1	SGTVHGPVVQAATIHGG
bass_02_str_02_SCK34650.1_17_36	4.6227921e-10	1	NGTSHGPVVQAATIHGG
bass_02_str_02_SCK50479.1_5_23	1.4084232e-10	1	HNNLSGRAETVVQAGHIG
bass_02_str_10_KKK06043.1_20_36	7.124892e-11	1	SGPAdlVQARDVYGGVH
bass_02_str_10_CCH15801.1_7_28	5.6510147e-10	1	NEQSGNVSGLSVQAGVIHGGVH
bass_02_str_10_ORT49028.1_19_40	3.489553e-10	1	LSGRVEGPSVQAGSIHGGVT
bass_02_str_10_PNE33479.1_16_38	6.045091e-10	1	NSLPGNVDGQLVQAGVVNGAIT
bass_02_str_10_SCF14848.1_8_29	1.5465796e-09	1	NEQSGSVTGLSVQAGAIHGGVH
bass_02_str_10_SCK50496.1_18_37	0.99999803	1	SGNVYGPSVQANRIHGGIT
bass_03_all_03_PKB26148.1_4_24	0.99999356	1	NSFHGPTAFQVGNNNQQVNHF
bass_03_all_03_AJC53635.1_13_33	0.0005314946	1	VDARAAQGVQVGDGGVQVNYF
bass_03_all_03_PTA47471.1_13_33	0.99997765	1	VDASHAQGLQIGEGNTQNNTF
bass_03_all_03_ONI86978.1_24_39	0.00054222345	1	DVRHNTGVQVGDGNTQ
bass_03_all_03_ORT49016.1_5_21	3.3072298e-09	1	DARGLQVGTGNTQINNF
bass_03_all_03_PVC80771.1_13_31	0.00012752414	1	NTFHGPSFIQTGAGSTQHN
bass_03_all_03_ONI86674.1_13_32	0.9999939	1	VDARYGQGIQIGDHNTQHVH
bass_03_all_03_ONI87101.1_8_20	0.9999911	1	GAQVGNHNTQHIN
bass_03_all_03_SDZ30256.1_4_18	2.7595095e-11	1	LRDARGMVIGEHNT
bass_03_cya_15_BBC24758.1_5_22	6.361507e-08	1	EINIGQGGTGNTQNNTFN
bass_03_nlr_09_ALB43288.1_2_21	0.9999981	1	IDKQINIQQDGQGNVINNFF
bass_03_nlr_09_SDT82687.1_32_51	0.99999785	1	VFEGPLAVQIGDHGVQNNYF
bass_03_nlr_09_SFW86808.1_23_40	0.9999978	1	HNLGAQVGDNNVQRNTF
bass_03_nlr_09_PSL52708.1_22_40	0.9999882	1	DVRGNLGPQIGDHNTQHNT
bass_03_nlr_09_AFZ27510.1_6_25	2.6666125e-10	1	IDKLININQDGKDNTQNNIF
bass_03_str_06_SDM63858.1_5_26	3.469044e-08	1	GSTFFGPTGAMWGDGNIQNNTF
bass_03_str_06_SEO98883.1_3_24	0.023451388	1	GDVFHGPVAGQLGDHTTQYNSF
bass_03_str_06_OIJ99864.1_16_37	0.019232571	1	GNTFYGPTAINLGAGGVQNNYF
bass_03_str_06_SFY52717.1_16_37	0.9999975	1	GNTFYGATAINVGAGGDQNNYF
bass_04_cya_02_AFY38363.1_7_31	3.980861e-06	1	KKIIQKAISDIVVHGNLTVGDITQ
bass_04_cya_02_BBD58560.1_5_30	2.538727e-09	1	DSEVVQVKLENLQVGGNITIKDITQ
bass_04_cya_02_OYD94772.1_10_31	2.527366e-07	1	ILQSILQNVQVGGNLTTGNITQ
bass_04_cya_02_PPJ64013.1_3_26	0.0001718998	1	QPQINQSILNNVNVGGNLTTGDI
bass_04_cya_02_BAZ20405.1_41_61	2.1086155e-06	1	QKIFENVQAEGNITVGDITQ
bass_04_cya_02_OYE01066.1_9_30	3.2603292e-10	1	VVQRILENVWAGRDITIGDIHQ
bass_04_cya_02_BAU63957.1_12_31	0.000117718824	1	QKVFSNVSVGGDLTAGDITL
bass_04_nlr_13_PRY21118.1_27_49	0.9996537	1	NVNTGNIFAGGNVHIGDINVNDN
bass_04_nlr_13_BAZ86410.1_11_33	1.2448545e-08	1	QKIFENVQASGDINIRDIYQTVN
bass_05_all_07_ARI84451.1_4_14	2.7547373e-09	1	KIVNYAQGDIN
bass_05_all_07_ELP53489.1_4_14	1.4951267e-10	1	KIVNYAQGNIN
bass_05_cya_01_BAZ70469.1_6_24	5.3695305e-11	1	KFADKIGAFAAPGANVNI
bass_05_nlr_08_AFW94441.1_1_28	0.00070539117	1	MNDNFSKLADKIGAVALPGGTVQVNTQN
bass_05_nlr_08_OYQ63523.1_25_52	6.210304e-08	1	IHHEPNKLADKVGIVALEGSAVNIGTFN
bass_05_nlr_08_ACK70197.1_1_28	1.2719603e-10	1	MKEQPDKIAEKIAVFAQGGTVYIDKIII
bass_05_nlr_08_GAX34747.1_1_28	7.2617085e-10	1	MFNDSGKLADKIGAFAAPGSQVNIDTQI
bass_05_nlr_08_BAY32777.1_1_28	3.943624e-09	1	MPEDSGKFADKIGVFAAPGAQVNIGTQI
bass_05_nlr_08_OCQ99945.1_1_28	7.6673334e-10	1	MPEDFKKLSDKIGQVIFPGGKGVIENLV
bass_05_nlr_08_KST70146.1_1_28	2.6839667e-10	1	MSEELGKFAEKIGVYIAPGGQASIGTQI
bass_05_nlr_08_KIF35509.1_1_28	3.8196024e-09	1	MPKDSGKFADKVGAFAAPGSQVNIGTQI
bass_05_nlr_08_KOP25803.1_1_28	6.596516e-11	1	MPEDFGQSIKKIGVYVAPGGQASIGNQV
bass_05_nlr_08_OYD91200.1_1_28	1.1863037e-09	1	MPEDSGKFAEKIGAFASPGAQVNIGTQI
bass_06_all_09_AQW51769.1_5_24	3.843798e-10	1	TFQAIGAGSVAAHHIGTAIT
bass_06_nlr_30_OMI38030.1_14_36	2.2949852e-08	1	TSGARSPAVGTNHGAIFTGDTTV
bass_06_nlr_30_SNX61895.1_9_31	5.390282e-10	1	ASGERAIAAGESIGVAVSGDNAR
bass_06_nlr_30_OXL37054.1_11_33	0.9997723	1	ASGDRAVAVGHNQGIVSTGDGAV
bass_06_nlr_30_PBC80891.1_11_31	0.99999845	1	GARSVAVaGDNHAHIFTGDGV
bass_06_nlr_30_SEH02447.1_5_25	5.67258e-10	1	GPRAVSVdGSNPGIIQTGDNV
bass_06_nlr_30_OKK16601.1_13_32	7.4050426e-11	1	ASGERSMAAQSIGLAVSGD
bass_06_nlr_30_PKT73475.1_16_32	8.4709825e-07	1	GPRSIAAGQIGNAYTGD
bass_06_nlr_30_ALO95113.1_14_36	0.9999119	1	ATGFRSVAVGGDVGVAITGDGAR
bass_06_nlr_30_SCF99111.1_14_36	6.278265e-05	1	ATGPRSVAVGGGVGVAITGDGAQ
bass_06_nlr_30_SCL31068.1_26_48	1.7996616e-08	1	GSGRRAAVLHTNQGVVQTGDNVR
bass_06_nlr_30_SOD86496.1_14_36	0.021401227	1	ATGARSMAVGGDVSVAITGDGAR
bass_06_nlr_34_SCF69683.1_8_28	6.392086e-11	1	LCIETAGPRSIAAKEITNAYT
bass_06_pch_02_ANP52225.1_4_17	1.5781658e-10	1	PHVVQASHHGVAVG
bass_07_all_12_PAX60320.1_3_25	0.0026420057	1	NENWQGINFKDSNPIIQGNNFNF
bass_07_all_12_AFZ01857.1_2_25	0.73401666	1	INENWQGINAKGGINVIKDNTFNF
bass_07_all_12_AKG24489.1_3_24	0.00032645464	1	ENWHGINIKGGKNEIKGNTFIF
bass_07_all_12_OYE01692.1_2_22	1.1444292e-09	1	SENWQGINIKGGEPTIKDNT
bass_07_all_12_AFZ00399.1_2_25	0.003298372	1	INENWQGISIKGGEVEVKDNTFNF
bass_07_all_12_PSB30758.1_2_29	0.023052037	1	TTEDWRGINFKdvkdGGNVHIHDNTFVF
bass_07_nlr_15_OUL32058.1_2_30	0.024801254	1	SNENLQGIITQGGKVIVQDSTFNFGSSQQ
bass_08_all_20_BAS57487.1_2_22	3.2943333e-07	1	SRQYESHGRDQFNIETLKGD
bass_08_all_20_OYQ65654.1_2_18	1.3149081e-09	1	SRQYDNYGRDQYNIEN
bass_08_all_20_GAP93649.1_2_17	1.3817142e-10	1	TRRYDNEGRDQINIEN
bass_08_all_20_OKH17868.1_6_26	5.4251394e-08	1	TSQNTNYGRDQFIIYEPMG
bass_08_all_20_PSB15792.1_2_25	1.0043627e-10	1	SREYKNDGRDQIPIEHLTGNVYIG
bass_09_nlr_20_OYQ62143.1_51_73	1.9371788e-10	1	LIQINEGNAKGFQTLVTGGIANI
bass_09_nlr_20_AFZ02242.1_1_23	1.6210111e-10	1	MKQENKDNAKGWQTEANNSNVYN
bass_09_nlr_20_BAU44504.1_3_24	0.5943842	1	DQHIHDQGKGYQVEVKGGTAYI
bass_09_nlr_20_CAO90857.1_51_73	1.9136225e-08	1	LVQINKGDAKGFQTLVTGGIANI
bass_09_nlr_20_AFY94413.1_1_23	1.2282631e-07	1	MQQDNRDNATGFQIDADNSTVYA
bass_09_nlr_20_BAZ41011.1_2_24	8.0277416e-05	1	MSQENSGNAQGFQTQVHDGGTAY
bass_09_nlr_20_GAP99709.1_51_73	0.00016704202	1	LIQINQGDVTAFQTLVSGGIANI
bass_09_nlr_20_OLP17403.1_42_64	1.2552962e-05	1	VIQSNSGNAIGFQALVEDGGVVN
bass_10_nlr_26_EPF21720.1_8_36	1.4184691e-07	1	NEINLSATAQDQSKVNLIGKIEAKTVIVS
bass_10_nlr_26_BAY96876.1_11_36	0.0047039688	1	NNIEMNVTASGDSKVTQVGQINAAEV
bass_10_nlr_26_ALB42078.1_11_36	1.457819e-06	1	NNIEMNVNAFGDSKVTQIGQLNAQQV
bass_10_nlr_26_OBQ14685.1_11_39	2.2553004e-09	1	KSIKLEGTAQGESKLIQVGSVETENLNLT
bass_10_nlr_26_BAY92963.1_11_39	0.01461333	1	KIINLEGTAQDESKLTQIGHVDTENFHLT
