id	prob	class	frag	dataset	tsne_x	tsne_y	umap_x	umap_y
C01_SEU47807.1	0.2502312958240509	1	MKGRAFGHGRTYQAGGDLTVHEAAVFAPVGQVAAPPGT	bass_c01_ntm_domain_test	-4.301281	-3.0835373	0.15857475	7.4348316
C01_ATW48405.1	0.942383587360382	1	MNGGSRGEKRPEVSLRAGAHDGGRIYQAVGDQYIYEGLPV	bass_c01_ntm_domain_test	-4.039361	-6.200916	1.1878194	4.9808855
C01_OKJ57450.1	1.0	1	MTGADWGAGPEVQGRASGQGRVYQARGDQHVTEHHHHYSS	bass_c01_ntm_domain_test	-11.222157	-6.3596454	-0.19550966	8.84701
C01_OKK12489.1	0.9910368323326112	1	MSVPGPMEGHASGSARIYQTGGDQYIEEHVHHYAPGSAPL	bass_c01_ntm_domain_test	-7.737935	-3.4724658	0.09915474	7.512429
C01_ADI09086.1	0.999799907207489	1	PPPPYAEGHASGHGRVFQSAGDQHITEHHHHAHHYAPGPG	bass_c01_ntm_domain_test	-12.491747	-6.8669834	0.0032594306	8.641121
C01_OKH98982.1	0.9998946189880372	1	GEEPRPAVVRQDARAEFGSEVNQAGGDLTQYRTTYAGAPP	bass_c01_ntm_domain_test	-2.664137	-3.0708983	1.0776609	4.7203608
C01_AGP57833.1	0.9985916018486024	1	MPIDGRASGQGRVFQTGGDQYIEEHHHHYGAGTGPGTGSL	bass_c01_ntm_domain_test	-9.571675	-5.2816525	-0.15170288	8.271604
C01_ALO07341.1	0.9999756217002868	1	SGANDARADGYGRIYQASGDQHIVEHHHHAPEWAGPDSVR	bass_c01_ntm_domain_test	-10.418389	-6.1833115	0.06602704	9.020916
C01_ELP64895.1	0.9999989867210388	1	DAHAEDRGRVYQASGDQHINEHHHHGGGTTGPSGPDSVRR	bass_c01_ntm_domain_test	-11.417552	-4.9908943	0.23297435	8.94801
C01_KOG49630.1	1.0	1	MSEQHPRGNIGAPEAVAHGHGRVFQADGDQHITEHHHHYG	bass_c01_ntm_domain_test	-11.124732	-7.573436	-0.21441367	8.79579
C01_KQX36889.1	0.9136837124824524	1	MNGSTEGRAEGNGRVFQSARDQHITEHHHHGQPAFPAGSA	bass_c01_ntm_domain_test	-8.955937	-6.2098436	-0.3223747	8.161589
C01_OEV14114.1	0.9999973177909852	1	MSGTQDGRADGEGRVFQAAGDQHITEHHHHGETAASGWAG	bass_c01_ntm_domain_test	-10.187568	-7.0933347	-0.21313854	8.693047
C01_PJJ01632.1	0.6412931084632874	1	MTGAMDGHAEDGGRVYQSSRDQHISEYHYHSSDDPGLAGP	bass_c01_ntm_domain_test	-9.492693	-2.943313	0.57071465	8.1410675
C01_SED09724.1	0.9986565113067628	1	MSDSEKHMTLRAQASDQARVYQAGRDLYVNESGE	bass_c01_ntm_domain_test	-4.147241	-6.123248	1.1442999	4.9428506
C01_SEH02571.1	0.999745786190033	1	MSGDDQPQVRIDTHADGQARQYIAAGDQHIHQLSPPVSPE	bass_c01_ntm_domain_test	-6.8853855	-1.9816215	-0.27093506	6.8761396
C01_EMF30093.1	0.6617650985717773	1	MTGGTDGHAEDHGRVYQSHGDQHISEHHYYNDDGPDNGGP	bass_c01_ntm_domain_test	-10.51186	-3.250129	0.5213825	8.268691
C01_KUO05395.1	1.0	1	RYRYADVLRIRQQAIAADNARVYQVGTGNQTNIEGDVHVH	bass_c01_ntm_domain_test	-3.5036998	-9.361753	3.6487339	4.3664784
C01_KUO22009.1	0.935781180858612	1	MSELGARASGQGRIFQTSGDQYIQEHHHHYDAGAAPLFGT	bass_c01_ntm_domain_test	-8.492094	-5.0051665	-0.20750771	8.031477
C01_OEV05529.1	0.999976634979248	1	DGRADSQGRVYQASGDQQIIEHHHHGGSASVGWSGTESVR	bass_c01_ntm_domain_test	-10.918129	-5.548695	0.21918052	9.030529
C01_OEV29760.1	0.9999995231628418	1	MSSAMDGRAHRQGRVYQASGDQHITEHHHHGVVDA	bass_c01_ntm_domain_test	-11.991189	-4.119798	0.24310848	8.726193
C01_OMI38968.1	0.7057207226753235	1	TPGHDSGRAPAHIEVHAHDQSRVYLANRDLHQTIGSVPAP	bass_c01_ntm_domain_test	-6.0734897	-1.2239362	-0.36305198	6.7268553
C01_PIF86474.1	0.9999998211860656	1	PDSIPPAFGRAPVSQNSGGSVGVVVQAGEADGGVHVDHPH	bass_c01_ntm_domain_test	2.2188919	-11.203001	5.593727	3.9568088
C01_AOR29772.1	0.5494083762168884	1	GARASGQGRIFQTTGDQYVQEHHHHYSADTVPLFAGEAGP	bass_c01_ntm_domain_test	-8.376772	-4.895502	-0.19468471	7.98376
C01_KNE83477.1	0.9995365142822266	1	MSGAMDGHAEDRGRVYQSSGDQHISEHHHYGEEAAAPGGP	bass_c01_ntm_domain_test	-9.988118	-3.8624246	0.38775903	8.347428
C01_PJN34549.1	0.5979886651039124	1	MSEDASLRAAAYEQGRIFQAERDIQITEHHHHGAEIPSAS	bass_c01_ntm_domain_test	-7.4112725	-5.8480096	-0.49300453	7.8108582
C01_SCE17642.1	0.9960679411888124	1	MDGRAQNDGRVYQTTGDQHVTEHHHYAGGGPGAVGGPDSV	bass_c01_ntm_domain_test	-10.282579	-4.380401	0.3547964	8.274761
C01_EST24664.1	0.9999983310699464	1	GRNDGQAEGQGRVYQASGDQHITEHHHHDRSGRGFGLSDG	bass_c01_ntm_domain_test	-11.918104	-5.5892825	0.15810154	9.093686
C01_SFD26332.1	0.8428537845611572	1	TGDSPAAVRICGQARDSGEIYAAAGDMHIVSRPGRAPAPV	bass_c01_ntm_domain_test	-6.955141	1.3527241	-1.5944052	5.2331495
C01_SMF86310.1	0.9997311234474182	1	MTEQPRIPRADRMLRTVAEGSSSVYQAGGDQIIVDYSVQQ	bass_c01_ntm_domain_test	-4.391288	-6.7771497	1.1161324	4.9294033
C01_SMF86318.1	0.4432798326015472	1	PSAGDISIRDRARWNSAARDQYIVEIGHQYVAHHTAMPGP	bass_c01_ntm_domain_test	-5.675482	-0.658759	-0.48337442	6.5810275
C01_AOS61467.1	0.9998779296875	1	SNHPPDRGDHGGATYSAEGHDFARVYQAQRDIVIGGGTVE	bass_c01_ntm_domain_test	-2.4303496	-6.4032683	1.3918344	4.9212565
C02_PKV69821.1	0.0077044945210218	1	TPNSVHNEITGGVFFAPVIQGQVVNLQLPPTIAPALSGLP	bass_c02_ntm_domain_test	0.27223882	-4.251093	2.6389325	5.0636964
C02_SDN39945.1	0.435066670179367	1	RDTGTDNEISGGVFFSTVIQGRDITIELPAQVSPALHGLP	bass_c02_ntm_domain_test	0.19888736	-5.738375	3.1474836	5.264231
C02_EGX59650.1	1.0	1	ADGPEASSQPTVRNSIAGGTVHGPTVMAGAVHGGVAFNYH	bass_c02_ntm_domain_test	6.6907787	-4.9576135	3.988045	3.555285
C02_SCF10145.1	0.9999997615814208	1	DDPGQRPAQVNRSELSGPAELVQARDVYGGVHFHGEATPP	bass_c02_ntm_domain_test	5.4136953	-10.449704	7.7678185	1.5901215
C02_SDD78461.1	0.999571979045868	1	MGDGGLVNDFSGVGGQVIQARDIGSVTFAAHVPEPVVPAQ	bass_c02_ntm_domain_test	1.0828604	-6.473706	3.0095632	5.08464
C02_SCE87658.1	0.999986469745636	1	GERDGQEPSPRHVNRSELHSLAEVVQARDVYGGVHFHGDG	bass_c02_ntm_domain_test	5.3855333	-10.900203	7.8490005	1.7063726
C02_EFL12127.1	0.9999999403953552	1	SRDQLGGGTVSDGNYFDGQADKVFQARNVYGDVHFHGPRQ	bass_c02_ntm_domain_test	4.126781	-9.859433	7.726183	1.5701987
C02_PJM95254.1	1.0	1	EERDERSPDRSGTTRSEMSGNAWDVVQARDVTGGIHFHHA	bass_c02_ntm_domain_test	6.8454213	-11.215631	7.8658123	1.7321554
C02_SFD29412.1	0.9997069239616394	1	TPPEPSEQTRSVLYGAARDVVQARHVSGGVHFHSAQSAGP	bass_c02_ntm_domain_test	5.655436	-8.624951	7.541667	1.8306763
C02_KUL50315.1	0.8937511444091797	1	MGASDPEQEGHREQHNHGSGTFIGGDNYGGIHFEMVDAKT	bass_c02_ntm_domain_test	7.9346433	7.511477	1.6740955	2.563631
C02_GAQ51672.1	0.9999925494194032	1	TDGQSREAGDQHNHGSGTFVGRVMGDVTINYGASASQPAR	bass_c02_ntm_domain_test	5.353153	-4.306907	3.426409	3.3661733
C02_OIK24035.1	1.0	1	LRRVYEPREEVTSSLSGTARDVVQARDVRGGIHFHAPATD	bass_c02_ntm_domain_test	5.7527165	-9.682157	7.7843485	1.6553676
C02_OLT47852.1	0.4194869697093963	1	MTGFSNTFHGDVEKAVQIGAVHVHAGESAPIPPPWQVPAE	bass_c02_ntm_domain_test	0.072901495	-2.3408756	2.0366194	4.300276
C02_ONF61741.1	0.9999549984931946	1	MTDGAGVRNTISGSVTGSVVQAGTIGHLTLSPERHEPLPV	bass_c02_ntm_domain_test	0.5462899	-11.778162	5.240379	3.8588502
C02_SEH04084.1	1.0	1	MNDPGKEEKTDGTGTRNELSGQVTGGVVQAGNIGTVNFGG	bass_c02_ntm_domain_test	-0.010401086	-13.173442	5.134181	3.6938052
C02_PRY19311.1	1.0	1	MPIDDRDEVRHVNRLDATGAGDVVQARDVHGGVHIHRVEA	bass_c02_ntm_domain_test	6.448733	-12.086045	7.8986425	1.6337278
C02_SEN27171.1	1.0	1	NGNGPGDARGARNDLSGTSGDVVQAGSVHGGIHFHPGHGP	bass_c02_ntm_domain_test	3.2325962	-12.102619	5.730333	4.099746
C02_EXG81266.1	0.3287502527236938	1	MSGANESGSRNELSGSTSSSVQAQTINGPVHIGSYLSVQD	bass_c02_ntm_domain_test	-0.42905882	1.3790426	-2.2105749	4.004921
C02_SHE94357.1	0.9792501330375672	1	DRDDEAPEIINQLGDVAGVAFQTGVNHGGIHVHLSGNERP	bass_c02_ntm_domain_test	5.88623	-6.920119	3.9372237	3.175791
C02_ONF61740.1	0.2270184755325317	1	MSGNLVQAEIITGDVHFHQLGRPVVTLPHRAAVPPQRATA	bass_c02_ntm_domain_test	1.154573	-3.4017804	2.8718386	4.580358
C02_PKT70377.1	0.9999975562095642	1	AGPPSHDAAHPEQPVRNEAAGAVFGHLVQVGTLQGDIAIR	bass_c02_ntm_domain_test	1.7381483	-9.518683	4.520344	4.031806
C02_SNR25837.1	0.9999993443489076	1	WDGSIVQSPDERDRWTNELTGTIAGSSVQAGSIAGGVHIT	bass_c02_ntm_domain_test	0.46632248	-10.37566	4.6532426	3.9407423
C02_GAX57891.1	0.9505030512809752	1	MTETDTAGEGDTGAGVPNLISGGIFFHAVIQGRDITV	bass_c02_ntm_domain_test	-0.9091304	-7.652637	3.3368988	5.6298285
C02_OAB01747.1	0.9999987483024596	1	MGQTEAAHEGAADGRVNNTISGGFFFHAVIQGRDIAVQL	bass_c02_ntm_domain_test	-0.38633847	-7.4056463	3.276957	5.58196
C02_ANN18894.1	0.9999932646751404	1	SDTEQHVGTTGDGMAHGNVVSGNVEGIVVQAHTVEGGVNI	bass_c02_ntm_domain_test	-1.347092	-11.858491	4.9731016	4.0077696
C02_KUN35886.1	0.8606553077697754	1	MADQGGNVSNAISGGVFFQQVIQGRDITVMLPPKVPPALS	bass_c02_ntm_domain_test	0.14277619	-5.5281954	3.0369072	5.386424
C02_SNT46039.1	0.9999139904975892	1	MSEQAQGDVHNVFSGGSATYVIQGRDFGDVHLHLPTPPTS	bass_c02_ntm_domain_test	1.6419841	-5.438029	3.0463064	4.894767
C02_OAH10245.1	0.9999977946281432	1	MANTYSGGADDAGSPVENQISGGVFFHAVIQGRDITV	bass_c02_ntm_domain_test	-0.6990373	-7.5543027	3.3226163	5.616609
C02_SCE01878.1	0.9999997615814208	1	MRREGPESHNELSGTVHGVAVQAGVVHGDVHIAAEATEAT	bass_c02_ntm_domain_test	-1.7837986	-12.117075	4.9661384	4.0557737
C02_SCE72727.1	0.999521017074585	1	WVDGVMSDDRGRVDNDFSGRSGAVIQAGLIQGNVNLRTVT	bass_c02_ntm_domain_test	0.46336174	-9.362741	4.2095485	4.155492
C02_SCL34400.1	0.9999822974205016	1	ARDDRRTTRPAVRNDLSGTVTGPVVQSAAIHGGVHLHTGP	bass_c02_ntm_domain_test	1.912673	-12.29823	5.580541	3.8967772
C02_SEG79912.1	0.999997854232788	1	MSEIVHNDVTGVVHGPLVQARDVFGGVHFHTAASLPAPSQ	bass_c02_ntm_domain_test	7.13967	-9.993487	8.009744	1.7429149
C02_AMW10320.1	1.0	1	AEGTADGTEREVTRNDLSGTVFGPVVQAGTVKGGVHTHIH	bass_c02_ntm_domain_test	1.3368542	-14.48269	5.3522425	3.6872203
C02_OKI36072.1	0.9987072944641112	1	MRNDLSGHVYGPSVQAQRIHGGITFNVQAQPPVGTDVRPD	bass_c02_ntm_domain_test	3.1003237	-6.5452185	3.4732206	3.7605329
C02_PCG87455.1	0.999257743358612	1	TGGSEPVSSRNDLSGTTYGPTVQAGAIHGGITFNVQETPP	bass_c02_ntm_domain_test	3.5297825	-6.8054647	3.9484203	3.759948
C02_OCC10417.1	1.0	1	MTAEDAGGPDHTAARNDLSGTVNGPVVQAGTIHGGITFRV	bass_c02_ntm_domain_test	1.5487376	-13.9079275	5.395266	3.6544964
C02_OSC71126.1	0.999994933605194	1	MTTPSSGDGPRHTDSRNDFSGTSHGPVVQAAAIHGGITFH	bass_c02_ntm_domain_test	2.8131738	-13.172829	5.792826	3.9892404
C02_SCK34650.1	1.0	1	MSAPGSGDGSRHIAARNDFNGTSHGPVVQAATIHGGITYN	bass_c02_ntm_domain_test	2.6384702	-13.251771	5.7276716	4.043668
C02_SCK50479.1	0.8036119937896729	1	MVEETHNNLSGRAETVVQAGHIGELHQHLHAAAPTA	bass_c02_ntm_domain_test	-6.9291534	-7.604368	-0.4871603	7.736804
C02_KKK06043.1	0.9998579025268556	1	MADGGAEQQRPEHVNRSELSGPADLVQARDVYGGVHFHSG	bass_c02_ntm_domain_test	5.766441	-10.782891	7.8256674	1.5705982
C02_ORT49028.1	1.0	1	DPVVGPGEGVRAASVGNVLSGRVEGPSVQAGSIHGGVTVH	bass_c02_ntm_domain_test	1.1719301	-11.481482	5.2668667	3.9539392
C02_PNE33479.1	0.9998851418495178	1	GSERPAPTRITNSLPGNVDGQLVQAGVVNGAITFNYHAGP	bass_c02_ntm_domain_test	1.8799434	-8.79696	4.218338	3.9555867
C02_SCF14848.1	0.9813349843025208	1	PFGTSNEQSGSVTGLSVQAGAIHGGVHFIGGAVERLPIPR	bass_c02_ntm_domain_test	4.4862185	-6.110455	3.8147986	3.724996
C02_SCK50496.1	0.9999980330467224	1	SDARAQAPHILNDLSGNVYGPSVQANRIHGGITFHVQAPP	bass_c02_ntm_domain_test	3.0450227	-7.2179427	3.907846	3.76655
C03_PKB26148.1	4.689614797825925e-05	1	FRNSFHGPTAFQVGNNNQQVNHFHPPQRLPSEEAMAEAME	bass_c03_ntm_domain_test	0.38329405	-0.66931087	1.8761032	2.8581955
C03_AJC53635.1	0.9967889785766602	1	VDKSTPSSSSVDARAAQGVQVGDGGVQVNYFAARPEILRP	bass_c03_ntm_domain_test	-1.6775032	-2.9252687	1.1982061	4.1095834
C03_PTA47471.1	0.9875438809394836	1	DQGDGLAGDRVDASHAQGLQIGEGNTQNNTFYFRGRREVS	bass_c03_ntm_domain_test	1.1465621	0.7010645	0.83745444	2.750381
C03_ONI86978.1	0.9999940395355223	1	TWGGEQRQSRLSAFLGIDVRHNTGVQVGDGNTQIIQAAPR	bass_c03_ntm_domain_test	-2.9641223	-9.105169	3.7138221	4.27127
C03_ORT49016.1	0.95804101228714	1	NAPDARGLQVGTGNTQINNFGGDARRGVRRPWMAPQRSGP	bass_c03_ntm_domain_test	1.9844785	0.75194913	1.1321855	3.2309315
C03_PVC80771.1	0.7930114269256592	1	MTSGSGGGDVRDNTFHGPSFIQTGAGSTQHNYLLQPSSRL	bass_c03_ntm_domain_test	3.022217	0.3438344	1.4921314	2.8921843
C03_ONI86674.1	0.9999992847442628	1	MTVPADEPGRPAVDARYGQGIQIGDHNTQHVHLTASTPAS	bass_c03_ntm_domain_test	3.3107564	-3.3366947	2.7685876	3.361602
C03_ONI87101.1	0.0157125797122716	1	LGAQVGNHNTQHINLPPSPPVVWPVRVGVLPPVADRYQHR	bass_c03_ntm_domain_test	1.0667194	-2.0954497	2.2223613	4.402414
C03_PKV70757.1	0.6907452940940857	1	MTAAEPGVKSSVFVFKAVSALMFGDHNVQNNYFELQFPDP	bass_c03_ntm_domain_test	4.5666914	-0.24655008	2.1021442	3.1239507
C03_SDZ30256.1	1.2795462680514902e-06	1	GMVIGEHNTVYQNFFDARHAPLAAKLISFADLIAEKTQHF	bass_c03_ntm_domain_test	-5.1021695	5.0133944	-0.18732315	4.1419835
C03_BBC24758.1	0.0854611098766326	1	MSNPEINIGQGGTGNTQNNTFNF	bass_c03_ntm_domain_test	4.9766793	9.956285	0.52944416	1.1964452
C03_ALB43288.1	0.0268716569989919	1	MIDKQINIQQDGQGNVINNFFSS	bass_c03_ntm_domain_test	4.940688	9.994022	0.32299453	1.3258102
C03_SDT82687.1	1.0	1	PVSGTGPERDRPRHHDDRPLVFEGPLAVQIGDHGVQNNYF	bass_c03_ntm_domain_test	5.611407	-2.156033	2.3150332	3.1809897
C03_SFW86808.1	0.9996943473815918	1	PRRRFPRTGPSEYPLGETFAVDHNLGAQVGDNNVQRNTFY	bass_c03_ntm_domain_test	5.3769817	-1.6452278	2.3089483	3.125403
C03_PSL52708.1	0.999864399433136	1	PPDEDDRSTASARAGGFDVRGNLGPQIGDHNTQHNTIAVT	bass_c03_ntm_domain_test	3.42239	-2.3461573	2.7401588	3.2981212
C03_AFZ27510.1	0.0927862599492073	1	NPNNIDKLININQDGKDNTQNNIFSFQPPQIEGNPFAPPQ	bass_c03_ntm_domain_test	5.48972	6.7533584	0.57347345	1.178234
C03_SDM63858.1	0.4248168170452118	1	MTGNGSTFFGPTGAMWGDGNIQNNTFVSAPRPPATLPHQV	bass_c03_ntm_domain_test	3.8114834	0.5181585	1.7439075	2.9334006
C03_SEO98883.1	0.4355824291706085	1	MAGDVFHGPVAGQLGDHTTQYNSFHASRPRASWPHQVGVI	bass_c03_ntm_domain_test	2.0033283	-1.2812488	1.8656106	3.476553
C03_OIJ99864.1	0.9471284747123718	1	MSASESAGAAQGWVFGNTFYGPTAINLGAGGVQNNYFQLV	bass_c03_ntm_domain_test	4.166819	2.64073	1.2284396	2.619557
C06_AFY38363.1	0.997601330280304	1	MTEFDAQKKIIQKAISDIVVHGNLTVGDITQIINLPQPER	bass_c06_ntm_domain_test	-4.9965444	10.067438	-3.8985221	-0.1258839
C06_BBD58560.1	0.9782118201255798	1	MTNEPDSEVVQVKLENLQVGGNITIKDITQIYQTVNNLD	bass_c06_ntm_domain_test	-4.4832377	8.951005	-3.9781663	0.057955306
C06_OYD94772.1	0.7931122779846191	1	MSENRSPEEILQSILQNVQVGGNLTTGNITQTIIDNLLVF	bass_c06_ntm_domain_test	-3.467439	10.471536	-3.7787888	-0.09307672
C06_PPJ64013.1	0.9981171488761902	1	SEQPQINQSILNNVNVGGNLTTGDIYQNIYSQPKQLEGNP	bass_c06_ntm_domain_test	-2.987313	9.904375	-3.581899	0.0104540605
C06_BAZ20405.1	0.999992609024048	1	MQAIQGDNNIQLQGNSKLAVQKIFENVQAEGNITVGDITQ	bass_c06_ntm_domain_test	-4.935948	10.558046	-4.031754	-0.011165838
C06_OYE01066.1	0.9900202751159668	1	TNHPDFQVVQRILENVWAGRDITIGDIHQIYQIVINLNNI	bass_c06_ntm_domain_test	-5.3043675	9.153994	-3.9325454	-0.14606856
C06_BAU63957.1	0.3847209215164184	1	MSESPNPQQPFQKVFSNVSVGGDLTAGDITLIYNQYTNLD	bass_c06_ntm_domain_test	-3.8474925	8.467349	-3.9486432	0.1529889
C06_PRY21118.1	0.9999987483024596	1	IFRLVATCLSGTNINNIDNSKNVNTGNIFAGGNVHIGDIN	bass_c06_ntm_domain_test	8.8106985	-0.5395514	0.5377376	2.3398688
C06_BAZ86410.1	0.9759373664855956	1	TINSSFQNVQKIFENVQASGDINIRDIYQTVNNLSDISQP	bass_c06_ntm_domain_test	-4.167099	9.686443	-3.9127514	-0.10653108
het-s_CAL30199.1	0.0001231014175573	1	ANQVRSIHAEGQARVHVGNSYYGSSDFLPTADDAAFDSHA	het-s_ntm_domain_test	-3.186422	2.9443378	-2.1668167	4.5647526
het-s_CEG02763.1	0.0920320451259613	1	SNASNSLQSLSVAGTSRVQVGNNYNTTHNYNKESDQDDTR	het-s_ntm_domain_test	-1.8422254	2.038994	-2.3942146	4.110544
het-s_CVL03808.1	0.261124700307846	1	MENPTSSTVQSLNASGSSRVHVGNSYNITHNHGRGSEDEG	het-s_ntm_domain_test	-1.4721444	1.6219282	-2.3289638	4.0564957
het-s_EGU79492.1	0.8021771311759949	1	SDECMARPTNLVRDVNADGESRIQVGNNYTEVHNYNEPNR	het-s_ntm_domain_test	-3.1852412	0.8958762	-2.0022998	4.4981523
het-s_EXL39652.1	0.0577859431505203	1	AQSTNRVQHVNAHDQSKVQIGDNYYNDSNHDRCIADLRLT	het-s_ntm_domain_test	-4.197185	2.1310668	-1.9937617	4.7650504
het-s_EXL99195.1	0.0041312691755592	1	MENKSSISVQSLTAAESSRVHVGNNYSITNYFGQDEINKY	het-s_ntm_domain_test	-1.643753	3.0067964	-2.4841526	3.9757633
het-s_EYB33391.1	0.0011250289389863	1	SANSAHTVNASDSSRVHIGNNNYLHQDTKDRDCIGALYET	het-s_ntm_domain_test	-4.031701	2.2611523	-2.0023167	4.7449894
het-s_KIL90044.1	0.0067017800174653	1	MQSSTSNSVQSLSATDASRIHVGNSYNTTQNYYKGTDQDE	het-s_ntm_domain_test	-1.5708	2.3062925	-2.3521025	4.103467
het-s_KJZ72271.1	2.024178502324503e-05	1	SNTVHSLTADGNARIQVGNNIYATENRCLADLRITDPRLD	het-s_ntm_domain_test	-5.133678	2.1546297	-1.8230647	4.8714943
het-s_KND91038.1	0.0009390641935169	1	SNAVHSVTADGNARIHVGNVYGTAGTAPRLCLADLRITDP	het-s_ntm_domain_test	-5.881264	2.2310972	-1.738053	5.0094934
het-s_XP_003044939.1	0.0234122816473245	1	SSSNGCTANKIKSLRADGSSRVQVGNTYTEVHNYEGRHAD	het-s_ntm_domain_test	-3.1203253	1.1584734	-2.0907705	4.573492
het-s_XP_003052860.1	2.7986081363451376e-07	1	NNSVKELSASGRSQVHVGDNYISSSEDGKCMIDLRGTDPR	het-s_ntm_domain_test	-4.880461	1.080254	-1.8556116	4.8397818
sigma_CVK97834.1	0.9863150715827942	1	VSTWGNSFSVSGGIQYNNTGNGNQFLGSQFHGDVNFVGGN	sigma_ntm_domain_test	9.758819	0.82528996	2.440927	1.2807754
sigma_EGU74392.1	0.627236008644104	1	LASSSFNNTGPGRQFNTVGGPQYNNTGSGAQYIYTNSHEP	sigma_ntm_domain_test	5.6865635	4.528827	1.0882398	1.2366145
sigma_EGU82782.1	0.5924031138420105	1	PLENPQFQTKHPGPSTQNSSFTAYGSGDQFNAPNGNQNIT	sigma_ntm_domain_test	6.3825817	5.281244	1.1281748	1.0223233
sigma_EGU86408.1	0.8445804715156555	1	RGLFINSHGTGGQFNAPGGTVNKSTGSGNHFTGAKFFGPT	sigma_ntm_domain_test	9.113594	2.370062	2.0873864	1.3709574
sigma_EGU86797.1	0.7546295523643494	1	SFTAHGSGSQYNAPYGTQSISTGNGPQFPGATFHGSVYFS	sigma_ntm_domain_test	8.347514	4.7833714	1.489364	0.77429736
sigma_ELA32816.1	0.1468780934810638	1	ATRYDISNPGLGSQCNNTGFGTQNNNAGSGNQYNAEFINF	sigma_ntm_domain_test	4.9797215	4.4046035	1.0201513	1.5677462
sigma_EXA30996.1	0.3701591193675995	1	PGFANQFNAPDGMINNSTGPGNHLPGSTFHGPIYFGTQEH	sigma_ntm_domain_test	9.172327	4.1373477	1.6689124	0.7417047
sigma_EXL64101.1	0.999999463558197	1	TFHKYGDGPQFNAIGGGIQNNNTGDGNQFPGAVFHGDVNF	sigma_ntm_domain_test	10.202366	1.0981373	2.338525	1.2013366
sigma_EXL67905.1	0.0609890930354595	1	FNSYGSGSQYNAPHGTQSISTGNGPQFPGANFQGPTYFGT	sigma_ntm_domain_test	8.273745	4.9150896	1.463028	0.72211725
sigma_KDE76038.1	0.2076964527368545	1	SFTNDHGSGDMFNSHMSTQNNNTGSGNQFSGSTFYGPVNF	sigma_ntm_domain_test	7.9204373	3.480301	1.7448573	1.0052394
sigma_KIL89241.1	0.1320226043462753	1	GEDHDQQLQRRSSLDNDAPNYRFVAQEGTQYHNTGSGSQF	sigma_ntm_domain_test	-1.3572747	-0.23058827	1.1120864	1.1898153
sigma_KUL82098.1	0.9999935030937196	1	THEIRYEYKVAGGTQNNNTGSGNQFPGAVFHGPVNIGNPK	sigma_ntm_domain_test	10.228507	3.322048	2.1684492	0.82554674
sigma_KUL82100.1	0.9997968077659608	1	CSDQRETRFEFSASGGTQNNNAGSGNQFQGAIFHGLVNFG	sigma_ntm_domain_test	6.9857845	1.7948471	1.1069278	1.7056867
sigma_KXH63431.1	0.9830958247184752	1	SFNNSGTGDQLNAPGGVVNKSTGTGNHLTGSTFHGDVYFG	sigma_ntm_domain_test	9.189984	1.7375811	2.176108	1.279324
sigma_KZZ91814.1	0.999276340007782	1	AFSNHSVGDQFNAHGGVVNTSRGQGTHLSGSTFNGPVSFG	sigma_ntm_domain_test	8.428609	2.5839877	1.9404025	1.2489481
sigma_PWI63976.1	0.2443920820951461	1	PRYNHHGTGSMSNAPWGTINTSTGNGNHFNGATIQTVQFE	sigma_ntm_domain_test	5.6406093	2.6799123	1.5285695	2.499316
sigma_PWI65465.1	0.848761260509491	1	HHGTGPMSNAPWGTINTSTGNGNHFNGATIQTVQFGTNFR	sigma_ntm_domain_test	5.7166195	2.5587804	1.335959	2.2768993
sigma_SCO78519.1	0.5173846483230591	1	ESKHPGPLTQNSSFTAYGSGSQYNAPHGSQNISTGDGPHF	sigma_ntm_domain_test	6.8046694	5.0468726	1.3316472	0.9186327
sigma_XP_003170981.1	0.9942485690116882	1	LLFQQLADNGRQFNTTGGIQNNNTGSGHQFIAETINIGTK	sigma_ntm_domain_test	4.2652493	5.1750994	0.84313095	1.7520301
sigma_XP_009226242.1	0.9998276829719543	1	PSNPHAGRDQINAPGGTVNNSGGPGIHLPGATIHGSVSIN	sigma_ntm_domain_test	11.490199	2.6688962	2.345994	0.9637452
PP_AIA58902.1	0.0015744832344353	1	AHPSISTTFAGAGNQGLQVGYNSGSIYVAAVGKASRDSPA	pp_ntm_domain_test	1.2099622	3.1644955	0.44365343	3.326915
PP_CEJ61224.1	0.0009668343118391	1	SKSENNGLQVGQNFGTMEASFYSDSIRGINIAAGASVFMG	pp_ntm_domain_test	0.8912934	7.9569263	-1.1570718	2.2755723
PP_CEO58318.1	2.356915683776606e-05	1	FRDESPERWAFWIHASNAARFEQGCQSIAERVKIPGRDTP	pp_ntm_domain_test	-5.860258	5.243454	-0.35291103	4.232205
PP_GAM38537.1	6.24050953774713e-05	1	DFSQSENKGLQMGQNYGNLEASFYSDSISGINIAAGASVY	pp_ntm_domain_test	0.5951345	7.6116414	-1.1249993	2.3293917
PP_KFX51581.1	0.8561484217643738	1	APTENHTTFSDSDNHGLQVGNNAGNIETHHHHYATERPET	pp_ntm_domain_test	-2.479673	4.8569613	-0.65035284	3.5221899
PP_KOS36644.1	0.0001534417096991	1	MTMASTVSFSGSNYGLQVGDNRGQITTQFYVSENVSMDQA	pp_ntm_domain_test	0.098597646	5.8750443	-1.3104479	2.656994
PP_KOS40823.1	0.0002905920555349	1	ATWVFWVHGSNESRFEQSFQDIADQVKIPGRQNPQPNIFK	pp_ntm_domain_test	-6.035409	5.456003	-0.30238935	4.123135
PP_KUL81305.1	0.1701603531837463	1	APAEYHATFSNSPNHGLQVGNNAGNIETHNYNYYPVGKLS	pp_ntm_domain_test	-1.0933923	4.636931	-0.2848817	3.1604648
PP_OAL07735.1	0.2975995242595672	1	PAAVTNSTMAHSSITTTFTGPGNQGLQVGYNSGSLEAHFH	pp_ntm_domain_test	2.3874817	3.281796	0.7056516	3.3950016
PP_OAL46892.1	0.145893394947052	1	ALPAVTTTFAGDGNRGLQVGYNSGSIHLAPERPETPPRPS	pp_ntm_domain_test	1.5040864	2.3416471	0.9752347	3.6549692
PP_OQE20484.1	1.3082142686471345e-05	1	AGASSVSFLGANYGLQVGHNYGSINAQFHLPPDDSNEVQS	pp_ntm_domain_test	0.3501797	4.2134705	-0.109663494	3.1165183
PP_OTA82915.1	0.5702603459358215	1	MSDHTRITFGDGNHGFQVGQNSGPITTNFNLPPERPETPP	pp_ntm_domain_test	2.5229278	2.0472164	1.0359358	3.3674428
PP_PCG88354.1	0.3164749145507812	1	APAEYQTTFSNSRNYGLQVGHNAGNIETHHHYAADDPLTR	pp_ntm_domain_test	-1.864946	4.641232	-0.6138097	3.4993715
PP_PYI26279.1	3.6169919326312083e-07	1	ASNVIFGNTNSGLQIGINSGTVHWVNSYTDPLDKLPIAYG	pp_ntm_domain_test	1.4031112	4.6219735	-0.074129105	3.027205
PP_XP_026629320.1	0.014923189766705	1	ANSENKGLQMGQNYGHMEASFYSDAIQGINIAAGASVYMG	pp_ntm_domain_test	0.39375702	8.159323	-1.136992	2.3272355
PP_XP_002339873.1	0.0132096176967024	1	MAPDNTITFAGNNNQGFQLGVNQGTIGDIVYNFKEANDKC	pp_ntm_domain_test	2.2909763	5.843121	0.053576287	2.5784416
PP_XP_002340147.1	0.1777891665697097	1	SHLMNSIMASAEYNASFSGAHNYGLQAGYIAGNVHYYPTG	pp_ntm_domain_test	-1.2887647	6.452899	-0.6111335	2.8852832
PP_XP_003176011.1	0.367915004491806	1	AHPTISAVFSGNGNAGLQFGNNSGTLNYNPTNNNTTINNT	pp_ntm_domain_test	4.194436	3.9150016	0.91637033	2.3563077
PP_XP_007728687.1	0.0001110526864067	1	AHIPVQFSGDNNRGLQVGSNLGMINYYSQNAIIPFRRDRE	pp_ntm_domain_test	1.1152955	5.206831	-0.08184792	2.9289865
PP_XP_007779053.1	0.6447345018386841	1	ANADIKAHFSGDNNRGFQQGINYGKIYNTFGDRSEDRQGE	pp_ntm_domain_test	2.5238924	6.6944566	0.039656155	2.6373513
PP_XP_007787281.1	0.4677261412143707	1	DMGHNATFSGDRNQGLQVGISSGTINNVFNIESATKITPN	pp_ntm_domain_test	1.9609154	4.96618	0.19303362	2.4982004
PP_XP_025428448.1	0.0002727680548559	1	NSGLQLGQNYGSMEASFYSDAIQQVTIAAGASVYMGEKQT	pp_ntm_domain_test	0.04199832	7.59171	-1.3122649	2.5175762
